{
  "pitch_mean": 1734.183837890625,
  "energy_mean": 0.025231290608644485
}