{
  "pitch_mean": 1598.2308349609375,
  "energy_mean": 0.013760627247393131
}