{
  "pitch_mean": 1870.982421875,
  "energy_mean": 0.04081827029585838
}