{
  "pitch_mean": 1452.550048828125,
  "energy_mean": 0.03793824464082718
}