{
  "pitch_mean": 1557.343994140625,
  "energy_mean": 0.024720273911952972
}